{
  "project_info": {
    "project_number": "828092416838",
    "project_id": "lgm-task-2-2f98c",
    "storage_bucket": "lgm-task-2-2f98c.appspot.com"
  },
  "client": [
    {
      "client_info": {
        "mobilesdk_app_id": "1:828092416838:android:dfa8e122228802f298db47",
        "android_client_info": {
          "package_name": "com.rutuja.lgmtask_2"
        }
      },
      "oauth_client": [
        {
          "client_id": "828092416838-pn8hlj5lt8riu3l2366pv55j8mj4702r.apps.googleusercontent.com",
          "client_type": 3
        }
      ],
      "api_key": [
        {
          "current_key": "AIzaSyBjD5KhvzLqrTlVWq_0oQ9OrbHZaq4FBac"
        }
      ],
      "services": {
        "appinvite_service": {
          "other_platform_oauth_client": [
            {
              "client_id": "828092416838-pn8hlj5lt8riu3l2366pv55j8mj4702r.apps.googleusercontent.com",
              "client_type": 3
            }
          ]
        }
      }
    }
  ],
  "configuration_version": "1"
}